Year;AGS;Name;PDens;;NMigr;;;;
2012;00;Deutschland;225,5;24,4;8,2;83,7;108,1;-24,4;45,9
2012;01;  Schleswig-Holstein;177,6;15,2;4,5;78,5;112,1;-33,7;46,8
2012;01001;      Flensburg, Kreisfreie Stadt;1471,0;79,5;6,5;102,8;118,1;-15,3;90,5
2012;01002;      Kiel, Landeshauptstadt, Kreisfreie Stadt;2021,6;92,1;7,6;93,9;101,4;-7,5;99,8
2012;01003;      Lübeck, Hansestadt, Kreisfreie Stadt;988,3;49,0;6,6;85,1;124,7;-39,6;86,9
2012;01004;      Neumünster, Kreisfreie Stadt;1074,3;-32,4;5,9;76,8;116,1;-39,3;4,2
2012;01051;      Dithmarschen, Landkreis;93,1;-39,2;2,7;70,5;123,4;-52,9;12,4
2012;01053;      Herzogtum Lauenburg, Landkreis;148,8;32,5;4,5;79,3;109,4;-30,1;61,2
2012;01054;      Nordfriesland, Landkreis;77,9;-48,7;3,4;73,4;111,7;-38,3;-23,6
2012;01055;      Ostholstein, Landkreis;142,1;-3,9;3,0;65,9;131,3;-65,4;61,4
2012;01056;      Pinneberg, Landkreis;449,9;51,0;6,7;79,8;108,8;-28,9;76,3
2012;01057;      Plön, Landkreis;117,0;-38,7;2,2;67,3;113,2;-45,8;5,3
2012;01058;      Rendsburg-Eckernförde, Landkreis;122,6;-29,4;2,5;74,5;108,5;-34,1;3,4
2012;01059;      Schleswig-Flensburg, Landkreis;94,1;-41,5;2,7;75,2;110,7;-35,5;-7,3
2012;01060;      Segeberg, Landkreis;194,9;32,4;4,6;82,1;98,9;-16,8;48,4
2012;01061;      Steinburg, Landkreis;123,2;-31,3;3,2;72,1;114,2;-42,0;10,4
2012;01062;      Stormarn, Landkreis;303,9;66,1;4,2;77,6;110,7;-33,0;99,1
2012;02;  Hamburg;2296,0;93,2;13,1;102,6;98,6;4,0;87,0
2012;03;  Niedersachsen;163,4;6,1;5,8;79,1;111,9;-32,9;36,8
2012;031;    Braunschweig, Stat. Region;194,4;-9,1;5,7;76,7;118,0;-41,3;30,8
2012;03101;      Braunschweig, Kreisfreie Stadt;1279,1;80,4;7,6;93,2;113,6;-20,4;100,8
2012;03102;      Salzgitter, Kreisfreie Stadt;438,1;-50,1;9,1;79,8;127,0;-47,2;-6,9
2012;03103;      Wolfsburg, Kreisfreie Stadt;596,7;71,6;10,0;88,9;113,7;-24,8;93,4
2012;03151;      Gifhorn, Landkreis;109,4;8,8;4,1;85,4;92,5;-7,1;15,3
2012;03152;      Göttingen, Landkreis;222,0;-1,5;6,2;78,6;106,4;-27,7;25,2
2012;03153;      Goslar, Landkreis;143,6;-66,1;5,1;56,4;139,7;-83,3;17,4
2012;03154;      Helmstedt, Landkreis;134,1;-58,2;3,6;63,0;134,9;-71,9;12,2
2012;03155;      Northeim, Landkreis;106,9;-80,8;3,6;66,5;133,6;-67,1;-15,3
2012;03156;      Osterode am Harz, Landkreis;118,3;-122,4;3,6;57,6;150,8;-93,3;-30,6
2012;03157;      Peine, Landkreis;243,1;-9,1;4,5;78,2;114,8;-36,7;25,2
2012;03158;      Wolfenbüttel, Landkreis;166,2;-25,6;3,5;67,8;111,2;-43,5;15,9
2012;032;    Hannover, Stat. Region;231,5;7,2;7,4;78,3;115,7;-37,4;40,5
2012;03241;      Region Hannover, Landkreis;485,7;58,2;9,6;86,0;107,1;-21,1;74,2
2012;03241001;      Hannover, Landeshauptstadt;2518,4;90,9;13,7;96,6;105,7;-9,1;90,4
2012;03251;      Diepholz, Landkreis;105,5;-3,5;4,0;72,9;110,1;-37,1;31,8
2012;03252;      Hameln-Pyrmont, Landkreis;186,6;-65,8;6,3;66,0;136,1;-70,1;2,1
2012;03254;      Hildesheim, Landkreis;228,3;-38,2;4,9;71,2;122,3;-51,2;9,4
2012;03255;      Holzminden, Landkreis;104,6;-95,6;4,2;65,5;147,4;-81,9;-14,8
2012;03256;      Nienburg (Weser), Landkreis;85,9;-96,4;4,2;71,1;122,7;-51,6;-51,6
2012;03257;      Schaumburg, Landkreis;231,0;-63,1;5,1;67,3;133,1;-65,7;1,1
2012;033;    Lüneburg, Stat. Region;107,6;1,2;4,1;75,5;112,5;-37,0;37,1
2012;03351;      Celle, Landkreis;113,7;-19,8;4,4;75,4;116,7;-41,3;20,5
2012;03352;      Cuxhaven, Landkreis;95,9;-34,5;4,1;69,4;131,1;-61,7;25,4
2012;03353;      Harburg, Landkreis;193,2;53,3;4,5;78,9;101,9;-23,1;75,3
2012;03354;      Lüchow-Dannenberg, Landkreis;40,1;-31,4;3,3;65,1;133,0;-68,0;36,1
2012;03355;      Lüneburg, Landkreis;132,7;54,5;3,8;81,5;100,6;-19,1;71,7
2012;03356;      Osterholz, Landkreis;170,3;-2,3;3,4;66,3;113,1;-46,8;42,6
2012;03357;      Rotenburg (Wümme), Landkreis;78,1;-24,8;3,7;75,2;99,6;-24,4;-0,6
2012;03358;      Heidekreis, Landkreis;72,5;-22,1;4,0;74,8;120,2;-45,4;23,7
2012;03359;      Stade, Landkreis;154,6;8,8;4,9;79,6;107,2;-27,5;35,0
2012;03360;      Uelzen, Landkreis;63,8;-51,9;2,8;67,5;135,2;-67,7;14,0
2012;03361;      Verden, Landkreis;167,7;14,6;4,8;83,0;105,7;-22,6;36,3
2012;034;    Weser-Ems, Stat. Region;163,1;18,4;5,6;83,6;104,4;-20,8;37,5
2012;03401;      Delmenhorst, Kreisfreie Stadt;1180,1;30,5;7,7;82,3;104,3;-21,9;50,8
2012;03402;      Emden, Kreisfreie Stadt;442,8;-19,5;4,8;85,1;132,5;-47,4;11,8
2012;03403;      Oldenburg (Oldenburg), Kreisfreie Stadt;1540,5;60,2;6,0;87,8;99,6;-11,8;71,1
2012;03404;      Osnabrück, Kreisfreie Stadt;1299,0;71,7;9,0;91,3;105,1;-13,8;85,3
2012;03405;      Wilhelmshaven, Kreisfreie Stadt;716,0;-49,7;4,3;74,3;138,7;-64,4;15,9
2012;03451;      Ammerland, Landkreis;162,7;45,5;3,1;78,0;102,4;-24,4;69,1
2012;03452;      Aurich, Landkreis;145,0;-2,1;2,6;77,7;119,1;-41,4;37,8
2012;03453;      Cloppenburg, Landkreis;112,8;46,5;5,7;96,6;90,0;6,6;38,3
2012;03454;      Emsland, Landkreis;108,6;39,1;6,4;85,1;90,8;-5,7;44,4
2012;03455;      Friesland, Landkreis;160,1;-54,3;2,2;69,2;123,5;-54,3;-1,3
2012;03456;      Grafschaft Bentheim, Landkreis;136,3;18,9;11,4;81,1;98,0;-16,9;32,9
2012;03457;      Leer, Landkreis;151,2;12,9;5,0;82,8;114,5;-31,7;41,8
2012;03458;      Oldenburg, Landkreis;118,0;11,8;4,3;76,0;100,8;-24,8;34,7
2012;03459;      Osnabrück, Landkreis;165,2;0,7;4,9;83,6;100,6;-17,0;15,6
2012;03460;      Vechta, Landkreis;164,2;53,3;6,9;103,7;82,8;20,9;34,0
2012;03461;      Wesermarsch, Landkreis;108,4;-44,9;4,7;68,7;125,8;-57,1;8,5
2012;03462;      Wittmund, Landkreis;85,8;-37,2;2,4;77,4;117,6;-40,2;-
2012;04;  Bremen;1561,3;39,7;11,9;86,3;114,6;-28,3;62,8
2012;04011;      Bremen, Kreisfreie Stadt;1678,5;44,2;12,3;85,7;111,5;-25,9;64,4
2012;04012;      Bremerhaven, Kreisfreie Stadt;1154,6;17,0;9,8;89,4;129,8;-40,4;54,4
2012;05;  Nordrhein-Westfalen;514,6;5,4;9,5;83,1;110,4;-27,3;30,5
2012;051;    Düsseldorf, Regierungsbezirk;960,1;7,8;11,3;82,4;115,7;-33,4;39,5
2012;05111;      Düsseldorf, Kreisfreie Stadt;2730,7;68,2;16,6;100,1;102,6;-2,6;67,7
2012;05112;      Duisburg, Kreisfreie Stadt;2091,1;-13,4;15,4;83,8;123,7;-39,9;26,1
2012;05113;      Essen, Kreisfreie Stadt;2695,5;17,0;10,4;84,9;126,8;-41,9;56,7
2012;05114;      Krefeld, Kreisfreie Stadt;1611,8;7,3;11,2;81,9;120,0;-38,2;44,4
2012;05116;      Mönchengladbach, Kreisfreie Stadt;1496,6;9,9;10,3;85,9;115,5;-29,6;38,2
2012;05117;      Mülheim an der Ruhr, Kreisfreie Stadt;1825,7;-9,0;11,0;77,8;128,4;-50,6;38,9
2012;05119;      Oberhausen, Kreisfreie Stadt;2723,8;-11,9;11,3;75,2;125,5;-50,3;37,4
2012;05120;      Remscheid, Kreisfreie Stadt;1467,4;-71,1;13,8;72,6;119,3;-46,7;-26,5
2012;05122;      Solingen, Kreisfreie Stadt;1734,4;15,2;12,8;81,1;120,4;-39,2;53,1
2012;05124;      Wuppertal, Kreisfreie Stadt;2036,3;9,2;13,8;83,8;120,5;-36,6;45,5
2012;05154;      Kleve, Kreis;244,9;26,7;9,9;82,4;106,3;-24,0;49,8
2012;05158;      Mettmann, Kreis;1172,3;-10,9;9,1;77,8;118,7;-40,9;27,9
2012;05162;      Rhein-Kreis Neuss;761,9;34,0;9,1;83,2;104,0;-20,8;52,0
2012;05166;      Viersen, Kreis;524,5;-18,1;7,0;72,1;108,5;-36,4;16,6
2012;05170;      Wesel, Kreis;439,5;-30,7;6,6;70,2;112,3;-42,1;10,0
2012;053;    Köln, Regierungsbezirk;586,1;39,1;10,7;87,6;101,6;-14,0;49,8
2012;05314;      Bonn, Kreisfreie Stadt;2196,3;75,8;12,3;104,1;94,1;10,1;65,6
2012;05315;      Köln, Kreisfreie Stadt;2528,3;105,1;16,8;101,8;93,6;8,2;88,9
2012;05316;      Leverkusen, Kreisfreie Stadt;2027,7;34,6;12,0;84,6;105,9;-21,4;52,9
2012;05334;      Städteregion Aachen (einschl. Stadt Aachen);767,7;24,2;10,7;84,1;104,8;-20,7;41,7
2012;05334002;      Aachen, krfr. Stadt;1492,6;59,4;13,2;88,1;96,8;-8,6;62,3
2012;05354;      Aachen, Kreis;.;.;.;.;.;.;.
2012;05358;      Düren, Kreis;274,8;4,9;7,5;78,0;107,9;-29,9;32,6
2012;05362;      Rhein-Erft-Kreis;645,4;44,1;9,3;82,0;105,9;-23,9;64,8
2012;05366;      Euskirchen, Kreis;150,3;-4,1;4,8;75,6;111,8;-36,2;30,9
2012;05370;      Heinsberg, Kreis;394,6;-13,5;8,8;76,1;111,4;-35,3;20,8
2012;05374;      Oberbergischer Kreis;295,3;-35,1;6,7;84,9;111,2;-26,3;-10,9
2012;05378;      Rheinisch-Bergischer Kreis;635,7;6,5;6,9;75,0;104,5;-29,5;33,8
2012;05382;      Rhein-Sieg-Kreis;503,5;17,1;7,3;82,9;96,3;-13,4;29,5
2012;055;    Münster, Regierungsbezirk;371,9;0,7;7,2;81,0;105,4;-24,4;23,4
2012;05512;      Bottrop, Kreisfreie Stadt;1157,9;-49,3;7,9;70,0;116,0;-46,0;-5,1
2012;05513;      Gelsenkirchen, Kreisfreie Stadt;2454,8;-15,0;13,8;81,9;130,4;-48,4;31,7
2012;05515;      Münster, Kreisfreie Stadt;979,0;108,7;7,7;89,3;81,9;7,4;100,1
2012;05554;      Borken, Kreis;256,0;-7,5;6,3;88,0;92,5;-4,5;-4,3
2012;05558;      Coesfeld, Kreis;193,4;2,6;3,4;79,2;95,8;-16,6;15,3
2012;05562;      Recklinghausen, Kreis;809,8;-33,3;7,9;73,8;123,7;-49,9;15,4
2012;05566;      Steinfurt, Kreis;241,8;8,1;5,2;84,0;97,0;-12,9;19,2
2012;05570;      Warendorf, Kreis;206,8;-5,6;6,4;80,0;99,7;-19,8;13,0
2012;057;    Detmold, Regierungsbezirk;310,4;-8,4;6,8;84,8;107,0;-22,2;11,7
2012;05711;      Bielefeld, Kreisfreie Stadt;1268,5;34,0;11,5;92,8;101,4;-8,6;40,5
2012;05754;      Gütersloh, Kreis;362,8;23,1;8,5;84,6;99,3;-14,7;36,6
2012;05758;      Herford, Kreis;553,2;-32,1;6,0;77,1;118,1;-41,0;6,7
2012;05762;      Höxter, Kreis;119,6;-81,9;3,1;70,9;119,7;-48,8;-35,4
2012;05766;      Lippe, Kreis;278,0;-35,5;5,2;85,9;112,9;-27,0;-10,3
2012;05770;      Minden-Lübbecke, Kreis;269,0;-30,3;4,6;82,0;118,9;-36,9;5,3
2012;05774;      Paderborn, Kreis;237,5;17,6;5,9;90,9;87,5;3,4;9,8
2012;059;    Arnsberg, Regierungsbezirk;444,4;-27,7;9,0;79,0;118,8;-39,8;10,2
2012;05911;      Bochum, Kreisfreie Stadt;2486,7;-10,3;8,6;77,6;121,9;-44,3;30,0
2012;05913;      Dortmund, Kreisfreie Stadt;2038,0;12,0;12,6;85,6;117,2;-31,6;40,9
2012;05914;      Hagen, Kreisfreie Stadt;1161,5;-58,4;12,7;76,2;128,4;-52,1;-9,4
2012;05915;      Hamm, Kreisfreie Stadt;779,2;-1,9;11,1;83,2;113,2;-30,0;25,7
2012;05916;      Herne, Kreisfreie Stadt;3005,9;-20,9;12,1;80,6;139,6;-59,0;38,6
2012;05954;      Ennepe-Ruhr-Kreis;793,8;-28,4;7,4;71,1;127,9;-56,8;27,1
2012;05958;      Hochsauerlandkreis;134,5;-55,9;5,8;71,2;110,7;-39,6;-16,3
2012;05962;      Märkischer Kreis;395,8;-62,6;10,2;84,8;115,8;-31,0;-33,4
2012;05966;      Olpe, Kreis;190,3;-45,7;6,7;83,6;104,3;-20,7;-25,8
2012;05970;      Siegen-Wittgenstein, Kreis;243,3;-22,9;6,8;77,1;116,2;-39,1;14,7
2012;05974;      Soest, Kreis;222,8;-17,2;5,9;81,3;111,9;-30,6;12,0
2012;05978;      Unna, Kreis;724,0;-49,1;7,0;73,1;121,4;-48,3;-3,3
2012;06;  Hessen;284,9;37,8;11,8;85,9;103,0;-17,1;51,0
2012;064;    Darmstadt, Regierungsbezirk;509,3;73,5;15,1;90,8;96,9;-6,0;74,3
2012;06411;      Darmstadt, Kreisfreie Stadt;1211,6;141,6;15,4;101,0;97,0;3,9;130,2
2012;06412;      Frankfurt am Main, Kreisfreie Stadt;2769,8;164,8;25,7;112,8;85,0;27,8;126,8
2012;06413;      Offenbach am Main, Kreisfreie Stadt;2605,1;180,3;30,3;116,4;98,6;17,8;133,0
2012;06414;      Wiesbaden, Landeshauptstadt, Kreisfreie Stadt;1337,0;62,0;16,0;104,9;98,0;6,9;51,7
2012;06431;      Bergstraße, Landkreis;363,7;20,5;9,2;78,2;108,9;-30,7;49,1
2012;06432;      Darmstadt-Dieburg, Landkreis;431,8;33,4;10,5;80,8;91,4;-10,6;41,5
2012;06433;      Groß-Gerau, Landkreis;562,6;83,2;16,9;91,5;96,8;-5,3;84,4
2012;06434;      Hochtaunuskreis;473,2;49,8;12,2;79,7;101,0;-21,3;68,1
2012;06435;      Main-Kinzig-Kreis;288,5;32,6;10,9;76,9;102,7;-25,9;55,2
2012;06436;      Main-Taunus-Kreis;1016,7;57,2;12,0;90,3;91,6;-1,4;56,9
2012;06437;      Odenwaldkreis;154,9;-14,2;10,4;75,5;118,7;-43,2;26,9
2012;06438;      Offenbach, Landkreis;943,8;67,0;14,5;87,5;90,7;-3,2;66,2
2012;06439;      Rheingau-Taunus-Kreis;222,9;22,4;8,2;73,5;104,1;-30,5;50,6
2012;06440;      Wetteraukreis;267,0;28,2;8,3;79,7;105,4;-25,8;52,0
2012;065;    Gießen, Regierungsbezirk;190,2;-21,9;7,0;78,6;107,4;-28,8;5,4
2012;06531;      Gießen, Landkreis;296,1;18,0;7,3;84,5;100,3;-15,8;32,0
2012;06532;      Lahn-Dill-Kreis;236,4;-31,4;7,5;75,8;109,7;-33,9;1,5
2012;06533;      Limburg-Weilburg, Landkreis;230,1;-33,3;7,7;77,0;112,6;-35,7;0,4
2012;06534;      Marburg-Biedenkopf, Landkreis;191,1;-12,2;7,3;81,9;101,9;-20,0;6,7
2012;06535;      Vogelsbergkreis;73,3;-97,4;3,3;66,3;122,5;-56,2;-42,5
2012;066;    Kassel, Regierungsbezirk;145,0;-23,4;5,4;76,9;118,6;-41,7;16,6
2012;06611;      Kassel, Kreisfreie Stadt;1806,3;53,0;12,4;92,6;109,1;-16,5;64,0
2012;06631;      Fulda, Landkreis;156,5;6,9;4,9;82,0;104,7;-22,7;29,8
2012;06632;      Hersfeld-Rotenburg, Landkreis;109,5;-50,7;4,4;73,9;122,7;-48,8;-4,1
2012;06633;      Kassel, Landkreis;181,1;-20,2;3,9;68,6;120,2;-51,6;30,1
2012;06634;      Schwalm-Eder-Kreis;117,2;-58,0;3,7;73,7;123,0;-49,3;-10,3
2012;06635;      Waldeck-Frankenberg, Landkreis;85,1;-58,1;4,4;76,8;125,1;-48,3;-10,5
2012;06636;      Werra-Meißner-Kreis;98,5;-91,7;3,1;64,3;139,6;-75,3;-17,9
2012;07;  Rheinland-Pfalz;201,0;0,6;7,3;78,1;111,3;-33,2;32,0
2012;071;    Koblenz, Stat. Region;182,9;-26,6;5,7;75,2;118,3;-43,1;15,1
2012;07111;      Koblenz, Kreisfreie Stadt;1044,3;167,7;8,6;87,1;114,9;-27,8;199,3
2012;07131;      Ahrweiler, Landkreis;159,9;-9,1;5,9;67,9;125,2;-57,3;46,4
2012;07132;      Altenkirchen (Westerwald), Landkreis;201,2;-61,4;5,1;75,5;123,2;-47,7;-16,5
2012;07133;      Bad Kreuznach, Landkreis;179,8;-6,3;6,9;77,1;119,2;-42,1;32,1
2012;07134;      Birkenfeld, Landkreis;104,5;-145,4;3,9;75,3;137,1;-61,8;-88,2
2012;07135;      Cochem-Zell, Landkreis;88,2;-65,1;4,2;67,6;129,6;-62,0;-6,9
2012;07137;      Mayen-Koblenz, Landkreis;257,0;-10,0;4,7;77,0;109,1;-32,1;22,9
2012;07138;      Neuwied, Landkreis;286,8;-38,0;6,5;74,8;116,3;-41,5;2,1
2012;07140;      Rhein-Hunsrück-Kreis;104,8;-62,8;4,4;72,3;118,5;-46,2;-16,7
2012;07141;      Rhein-Lahn-Kreis;155,7;-63,1;5,0;70,6;120,3;-49,7;-14,2
2012;07143;      Westerwaldkreis;201,1;-42,1;6,0;77,0;111,0;-34,0;-10,6
2012;072;    Trier, Stat. Region;105,3;-1,6;6,4;76,7;105,7;-29,0;24,0
2012;07211;      Trier, Kreisfreie Stadt;909,6;24,5;8,1;88,3;96,8;-8,5;28,6
2012;07231;      Bernkastel-Wittlich, Landkreis;94,9;-37,6;5,4;69,4;108,8;-39,4;-0,9
2012;07232;      Eifelkreis Bitburg-Prüm;59,0;20,3;7,3;77,1;110,8;-33,7;49,2
2012;07233;      Vulkaneifel, Landkreis;67,0;-74,9;4,1;71,4;125,1;-53,8;-23,0
2012;07235;      Trier-Saarburg, Landkreis;130,6;23,7;6,4;75,7;98,1;-22,4;43,1
2012;073;    Rheinhessen-Pfalz, Stat. Region;291,3;21,3;8,6;80,6;107,6;-26,9;46,7
2012;07311;      Frankenthal (Pfalz), Kreisfreie Stadt;1074,8;89,3;12,6;79,2;108,7;-29,5;118,7
2012;07312;      Kaiserslautern, Kreisfreie Stadt;695,0;15,4;10,0;84,7;116,1;-31,4;43,1
2012;07313;      Landau in der Pfalz, Kreisfreie Stadt;526,0;38,0;6,5;87,0;98,8;-11,7;57,1
2012;07314;      Ludwigshafen am Rhein, Kreisfreie Stadt;2065,5;96,7;20,6;100,1;105,7;-5,6;98,6
2012;07315;      Mainz, Kreisfreie Stadt;2074,4;87,0;14,7;94,4;90,5;3,9;82,9
2012;07316;      Neustadt an der Weinstraße, Kreisfreie Stadt;446,4;-10,3;6,5;76,1;124,2;-48,2;38,6
2012;07317;      Pirmasens, Kreisfreie Stadt;656,1;-95,9;5,6;79,4;155,8;-76,4;-19,5
2012;07318;      Speyer, Kreisfreie Stadt;1168,2;10,5;11,0;88,6;117,8;-29,1;37,0
2012;07319;      Worms, Kreisfreie Stadt;733,3;25,3;11,4;94,2;113,0;-18,7;40,6
2012;07320;      Zweibrücken, Kreisfreie Stadt;482,2;-28,5;5,4;78,6;125,0;-46,3;17,0
2012;07331;      Alzey-Worms, Landkreis;212,8;5,1;5,8;80,6;99,3;-18,7;22,8
2012;07332;      Bad Dürkheim, Landkreis;220,1;0,5;5,9;70,2;119,2;-49,0;48,7
2012;07333;      Donnersbergkreis;117,0;-41,5;5,3;72,3;118,6;-46,3;4,6
2012;07334;      Germersheim, Landkreis;269,6;47,8;8,9;81,9;95,0;-13,1;58,1
2012;07335;      Kaiserslautern, Landkreis;163,2;-44,6;5,4;78,4;111,1;-32,8;-13,4
2012;07336;      Kusel, Landkreis;125,2;-96,0;3,4;69,3;135,9;-66,6;-30,5
2012;07337;      Südliche Weinstraße, Landkreis;170,0;41,6;4,5;69,1;103,5;-34,4;73,8
2012;07338;      Rhein-Pfalz-Kreis;485,6;50,0;7,2;73,7;105,1;-31,5;80,2
2012;07339;      Mainz-Bingen, Landkreis;333,8;47,5;6,5;77,5;87,5;-10,1;54,0
2012;07340;      Südwestpfalz, Landkreis;101,9;-84,8;2,4;62,4;123,1;-60,7;-25,7
2012;08;  Baden-Württemberg;296,2;53,8;11,4;84,9;95,4;-10,5;62,4
2012;081;    Stuttgart, Regierungsbezirk;373,9;57,5;13,2;86,3;93,6;-7,3;62,7
2012;08111;      Stuttgart, Landeshauptstadt, Kreisfreie Stadt;2883,7;116,5;21,6;94,9;86,1;8,8;104,2
2012;08115;      Böblingen, Landkreis;594,4;75,2;14,3;90,2;85,2;5,0;68,0
2012;08116;      Esslingen, Landkreis;792,8;71,4;13,4;86,1;92,0;-5,9;75,0
2012;08117;      Göppingen, Landkreis;385,8;25,9;12,0;78,6;98,9;-20,2;45,0
2012;08118;      Ludwigsburg, Landkreis;752,4;90,6;14,3;91,6;88,0;3,6;85,4
2012;08119;      Rems-Murr-Kreis;476,4;41,1;12,2;79,6;92,6;-13,0;52,5
2012;08121;      Heilbronn, Kreisfreie Stadt;1176,7;69,6;19,3;99,5;101,5;-2,0;72,9
2012;08125;      Heilbronn, Landkreis;295,1;42,5;10,2;82,3;95,0;-12,8;53,4
2012;08126;      Hohenlohekreis;138,4;27,8;6,5;83,7;97,8;-14,1;40,7
2012;08127;      Schwäbisch Hall, Landkreis;126,0;26,8;6,6;87,0;98,6;-11,5;36,5
2012;08128;      Main-Tauber-Kreis;99,5;-45,3;4,7;71,8;113,9;-42,0;-4,4
2012;08135;      Heidenheim, Landkreis;203,5;-6,5;9,3;80,0;112,1;-32,1;23,0
2012;08136;      Ostalbkreis;202,8;1,9;7,7;80,3;102,0;-21,7;20,4
2012;082;    Karlsruhe, Regierungsbezirk;388,3;56,2;11,8;83,4;99,2;-15,8;70,0
2012;08211;      Baden-Baden, Kreisfreie Stadt;375,0;30,7;13,4;65,9;142,8;-76,9;105,5
2012;08212;      Karlsruhe, Kreisfreie Stadt;1706,6;137,3;15,3;87,3;99,2;-11,9;144,8
2012;08215;      Karlsruhe, Landkreis;393,7;61,0;9,1;84,4;97,0;-12,6;71,8
2012;08216;      Rastatt, Landkreis;301,1;12,2;9,1;74,0;101,1;-27,1;38,0
2012;08221;      Heidelberg, Kreisfreie Stadt;1381,4;128,5;17,0;87,2;73,5;13,7;114,1
2012;08222;      Mannheim, Universitätsstadt, Kreisfreie Stadt;2032,5;108,1;19,7;91,5;104,5;-13,0;118,1
2012;08225;      Neckar-Odenwald-Kreis;125,9;-41,4;6,0;72,7;110,6;-37,9;-5,3
2012;08226;      Rhein-Neckar-Kreis;496,6;39,6;9,3;86,7;97,6;-10,9;49,2
2012;08231;      Pforzheim, Kreisfreie Stadt;1188,0;104,8;19,1;92,1;114,1;-22,0;125,6
2012;08235;      Calw, Landkreis;189,0;-18,6;10,6;76,0;94,7;-18,6;-1,5
2012;08236;      Enzkreis;334,8;32,9;9,5;77,0;89,6;-12,7;44,1
2012;08237;      Freudenstadt, Landkreis;132,1;-14,3;7,5;78,9;103,5;-24,6;6,1
2012;083;    Freiburg, Regierungsbezirk;231,3;53,0;9,5;83,9;96,1;-12,2;63,6
2012;08311;      Freiburg im Breisgau, Kreisfreie Stadt;1424,6;176,2;13,9;104,4;81,8;22,6;151,0
2012;08315;      Breisgau-Hochschwarzwald, Landkreis;179,7;51,6;7,2;79,8;92,2;-12,4;63,7
2012;08316;      Emmendingen, Landkreis;231,5;43,0;6,6;78,1;93,8;-15,7;58,4
2012;08317;      Ortenaukreis;222,4;31,4;7,2;85,0;100,8;-15,8;45,2
2012;08325;      Rottweil, Landkreis;176,2;-36,5;7,1;81,5;102,0;-20,5;-17,7
2012;08326;      Schwarzwald-Baar-Kreis;199,5;29,7;10,6;77,3;106,3;-29,0;58,4
2012;08327;      Tuttlingen, Landkreis;180,4;21,5;10,5;93,6;101,0;-7,4;26,5
2012;08335;      Konstanz, Landkreis;330,8;85,6;10,7;80,4;97,5;-17,1;99,9
2012;08336;      Lörrach, Landkreis;273,4;51,1;11,1;80,9;90,5;-9,6;59,9
2012;08337;      Waldshut, Landkreis;144,7;34,1;10,9;78,2;94,4;-16,2;48,2
2012;084;    Tübingen, Regierungsbezirk;200,2;42,6;9,3;85,2;93,0;-7,8;48,9
2012;08415;      Reutlingen, Landkreis;267,2;38,1;11,6;83,6;96,1;-12,5;49,5
2012;08416;      Tübingen, Landkreis;413,9;97,9;10,4;85,0;76,6;8,4;87,8
2012;08417;      Zollernalbkreis;201,2;-25,5;8,9;75,9;100,5;-24,6;-1,9
2012;08421;      Ulm, Universitätsstadt, Kreisfreie Stadt;994,0;37,0;15,7;102,8;98,7;4,2;26,0
2012;08425;      Alb-Donau-Kreis;137,7;36,4;8,6;82,9;93,5;-10,5;45,6
2012;08426;      Biberach, Landkreis;133,2;12,7;5,9;89,0;89,3;-0,4;12,5
2012;08435;      Bodenseekreis;309,6;66,3;9,5;82,6;94,4;-11,8;77,0
2012;08436;      Ravensburg, Landkreis;166,9;84,6;7,4;87,1;93,2;-6,0;90,0
2012;08437;      Sigmaringen, Landkreis;105,7;-10,8;6,6;83,8;99,3;-15,5;3,3
2012;09;  Bayern;177,5;61,0;9,0;85,8;100,5;-14,7;73,4
2012;091;    Oberbayern, Regierungsbezirk;251,9;119,5;13,1;95,3;89,5;5,8;111,6
2012;09161;      Ingolstadt;958,9;142,5;13,7;94,3;90,4;3,9;135,5
2012;09162;      München, Landeshauptstadt;4468,3;169,9;22,3;113,2;78,8;34,4;136,0
2012;09163;      Rosenheim;1610,3;65,6;16,1;94,2;87,9;6,4;52,6
2012;09171;      Altötting, Landkreis;187,1;16,3;6,6;81,6;110,4;-28,8;40,5
2012;09172;      Berchtesgadener Land, Landkreis;121,3;60,3;11,9;81,3;117,3;-35,9;93,5
2012;09173;      Bad Tölz-Wolfratshausen, Landkreis;108,6;77,5;8,0;84,8;100,3;-15,6;90,5
2012;09174;      Dachau, Landkreis;245,2;149,0;11,3;89,2;87,5;1,7;145,1
2012;09175;      Ebersberg, Landkreis;238,5;164,8;8,9;90,3;84,5;5,8;153,8
2012;09176;      Eichstätt, Landkreis;103,0;86,6;5,3;92,4;81,4;11,0;74,2
2012;09177;      Erding, Landkreis;147,3;126,5;7,4;92,6;82,6;10,0;114,0
2012;09178;      Freising, Landkreis;207,9;124,3;11,6;95,1;77,9;17,2;101,7
2012;09179;      Fürstenfeldbruck, Landkreis;471,9;106,1;9,4;88,1;90,2;-2,1;101,8
2012;09180;      Garmisch-Partenkirchen, Landkreis;83,7;56,4;8,4;76,6;120,2;-43,6;93,0
2012;09181;      Landsberg am Lech, Landkreis;142,0;60,1;5,4;81,5;87,0;-5,5;63,9
2012;09182;      Miesbach, Landkreis;109,4;83,5;8,5;76,6;107,3;-30,7;109,7
2012;09183;      Mühldorf a.Inn, Landkreis;133,3;52,3;6,6;81,5;114,2;-32,7;83,8
2012;09184;      München, Landkreis;490,4;151,2;12,7;93,8;87,0;6,8;141,2
2012;09185;      Neuburg-Schrobenhausen, Landkreis;124,1;88,6;6,4;92,0;90,4;1,6;84,4
2012;09186;      Pfaffenhofen a.d.Ilm, Landkreis;155,6;116,9;6,7;87,1;92,1;-5,0;120,8
2012;09187;      Rosenheim, Landkreis;171,7;75,9;6,7;85,7;97,5;-11,7;85,3
2012;09188;      Starnberg, Landkreis;265,6;110,2;10,0;80,3;93,7;-13,4;118,9
2012;09189;      Traunstein, Landkreis;110,5;37,7;6,2;79,3;109,8;-30,6;65,9
2012;09190;      Weilheim-Schongau, Landkreis;134,1;39,3;6,2;85,5;95,8;-10,4;47,0
2012;092;    Niederbayern, Regierungsbezirk;114,4;47,1;5,3;79,6;104,8;-25,3;69,7
2012;09261;      Landshut;992,6;161,3;11,7;92,0;112,5;-20,5;178,5
2012;09262;      Passau;704,9;85,0;8,5;76,8;111,2;-34,4;116,7
2012;09263;      Straubing;667,3;101,8;8,9;76,9;127,5;-50,6;154,0
2012;09271;      Deggendorf, Landkreis;133,2;3,7;4,6;81,5;107,5;-26,0;28,2
2012;09272;      Freyung-Grafenau, Landkreis;79,1;-40,1;2,3;70,9;111,8;-40,9;0,9
2012;09273;      Kelheim, Landkreis;106,9;70,9;6,4;87,0;93,1;-6,1;73,9
2012;09274;      Landshut, Landkreis;110,4;74,4;5,2;84,1;86,6;-2,5;74,6
2012;09275;      Passau, Landkreis;120,8;20,2;3,8;77,3;107,4;-30,0;48,8
2012;09276;      Regen, Landkreis;78,3;-25,6;2,5;70,4;115,4;-45,0;18,3
2012;09277;      Rottal-Inn, Landkreis;91,6;50,2;5,7;79,6;115,2;-35,5;83,7
2012;09278;      Straubing-Bogen, Landkreis;80,4;54,7;3,5;76,9;96,3;-19,4;64,7
2012;09279;      Dingolfing-Landau, Landkreis;104,0;77,0;5,8;77,0;101,7;-24,7;97,0
2012;093;    Oberpfalz, Regierungsbezirk;110,9;24,7;4,7;80,1;106,5;-26,4;49,7
2012;09361;      Amberg;829,2;-50,9;6,2;73,6;125,0;-51,3;1,7
2012;09362;      Regensburg;1713,7;141,6;10,8;96,7;96,1;0,6;140,7
2012;09363;      Weiden i.d.OPf.;590,9;-12,0;6,3;82,7;129,7;-47,0;30,9
2012;09371;      Amberg-Sulzbach, Landkreis;82,3;-23,7;3,0;73,4;109,5;-36,0;11,0
2012;09372;      Cham, Landkreis;83,1;9,2;2,6;79,0;111,0;-32,0;38,9
2012;09373;      Neumarkt i.d.OPf., Landkreis;94,6;31,4;4,6;77,7;95,5;-17,7;48,4
2012;09374;      Neustadt a.d.Waldnaab, Landkreis;67,1;-25,5;3,1;75,9;111,2;-35,3;7,9
2012;09375;      Regensburg, Landkreis;132,4;64,4;4,3;82,4;93,8;-11,4;75,0
2012;09376;      Schwandorf, Landkreis;97,1;22,2;3,8;76,8;111,9;-35,2;55,9
2012;09377;      Tirschenreuth, Landkreis;68,2;-75,5;2,3;72,5;123,7;-51,2;-27,5
2012;094;    Oberfranken, Regierungsbezirk;146,4;-27,0;4,2;73,4;120,5;-47,1;18,4
2012;09461;      Bamberg;1297,4;21,3;8,0;84,8;114,1;-29,4;41,8
2012;09462;      Bayreuth;1068,3;37,6;7,7;73,6;110,3;-36,7;76,2
2012;09463;      Coburg;849,5;7,6;6,6;75,8;127,1;-51,2;58,0
2012;09464;      Hof;766,2;-11,2;10,1;75,8;145,0;-69,2;55,3
2012;09471;      Bamberg, Landkreis;123,1;0,8;2,4;79,7;100,6;-20,9;19,5
2012;09472;      Bayreuth, Landkreis;82,4;-31,0;2,3;73,0;114,8;-41,8;8,3
2012;09473;      Coburg, Landkreis;147,4;-45,6;3,1;67,3;114,9;-47,6;0,9
2012;09474;      Forchheim, Landkreis;176,3;30,5;4,2;84,2;101,7;-17,5;47,2
2012;09475;      Hof, Landkreis;109,7;-93,0;3,4;61,4;147,7;-86,2;-7,4
2012;09476;      Kronach, Landkreis;106,1;-72,7;2,6;66,2;119,4;-53,2;-22,2
2012;09477;      Kulmbach, Landkreis;111,2;-67,9;2,5;65,3;123,9;-58,5;-10,9
2012;09478;      Lichtenfels, Landkreis;129,1;-20,2;3,1;80,7;129,7;-49,0;29,5
2012;09479;      Wunsiedel i.Fichtelgebirge, Landkreis;123,0;-112,2;4,7;62,5;153,0;-90,5;-22,7
2012;095;    Mittelfranken, Regierungsbezirk;234,4;59,6;9,8;85,7;105,9;-20,3;75,5
2012;09561;      Ansbach;397,2;21,2;6,8;77,2;126,9;-49,7;63,3
2012;09562;      Erlangen;1369,9;104,9;12,8;92,6;93,9;-1,3;102,8
2012;09563;      Fürth;1868,3;146,2;14,2;99,0;103,8;-4,9;143,2
2012;09564;      Nürnberg;2656,7;102,2;17,3;96,1;109,9;-13,8;107,4
2012;09565;      Schwabach;958,8;135,6;8,6;84,6;106,2;-21,6;153,6
2012;09571;      Ansbach, Landkreis;90,4;1,5;4,5;78,8;104,7;-25,9;25,5
2012;09572;      Erlangen-Höchstadt, Landkreis;232,4;36,6;5,6;80,7;90,9;-10,2;43,7
2012;09573;      Fürth, Landkreis;370,5;61,6;5,2;81,7;99,0;-17,3;74,9
2012;09574;      Nürnberger Land, Landkreis;205,8;29,5;5,6;77,1;111,3;-34,2;63,2
2012;09575;      Neustadt a.d.Aisch-Bad Windsheim, Landkreis;76,8;-11,2;3,8;77,5;112,2;-34,8;23,7
2012;09576;      Roth, Landkreis;137,6;3,9;3,9;76,0;101,3;-25,3;28,2
2012;09577;      Weißenburg-Gunzenhausen, Landkreis;94,9;0,5;5,2;71,1;114,2;-43,2;41,9
2012;096;    Unterfranken, Regierungsbezirk;152,1;-10,4;5,6;77,4;105,4;-28,1;15,7
2012;09661;      Aschaffenburg;1083,4;31,2;12,4;86,4;110,0;-23,5;47,7
2012;09662;      Schweinfurt;1459,3;-3,8;11,5;88,3;135,9;-47,6;43,9
2012;09663;      Würzburg;1421,6;10,3;8,2;83,0;111,7;-28,8;35,2
2012;09671;      Aschaffenburg, Landkreis;246,8;13,0;6,6;73,0;99,4;-26,4;39,6
2012;09672;      Bad Kissingen, Landkreis;90,7;-51,2;2,7;71,0;120,9;-49,9;-4,1
2012;09673;      Rhön-Grabfeld, Landkreis;78,5;-30,5;2,3;76,4;105,3;-28,9;-2,2
2012;09674;      Haßberge, Landkreis;88,1;-25,4;2,3;79,8;109,0;-29,2;1,7
2012;09675;      Kitzingen, Landkreis;128,5;19,1;4,8;79,1;108,4;-29,3;44,9
2012;09676;      Miltenberg, Landkreis;178,7;-13,9;8,5;78,9;99,0;-20,2;4,5
2012;09677;      Main-Spessart, Landkreis;95,7;-51,9;4,3;73,3;108,8;-35,6;-16,2
2012;09678;      Schweinfurt, Landkreis;134,1;-11,9;2,9;74,1;98,9;-24,8;11,5
2012;09679;      Würzburg, Landkreis;163,2;-6,5;3,6;77,1;88,6;-11,5;2,5
2012;097;    Schwaben, Regierungsbezirk;179,4;53,9;8,6;83,3;100,5;-17,2;68,7
2012;09761;      Augsburg;1857,1;121,6;16,6;90,9;108,8;-17,9;136,4
2012;09762;      Kaufbeuren;1038,5;26,5;9,9;83,6;124,1;-40,5;65,0
2012;09763;      Kempten (Allgäu);1021,3;50,4;11,8;78,8;114,2;-35,4;76,3
2012;09764;      Memmingen;592,4;74,6;12,7;93,5;106,8;-13,3;86,2
2012;09771;      Aichach-Friedberg, Landkreis;163,1;41,7;5,1;85,8;83,7;2,0;39,1
2012;09772;      Augsburg, Landkreis;223,1;48,9;6,1;82,9;94,3;-11,4;58,9
2012;09773;      Dillingen a.d.Donau, Landkreis;117,5;-9,7;5,6;76,1;98,5;-22,4;10,1
2012;09774;      Günzburg, Landkreis;157,6;-0,3;8,8;80,9;98,6;-17,6;16,1
2012;09775;      Neu-Ulm, Landkreis;320,4;53,5;10,3;87,8;95,3;-7,5;59,6
2012;09776;      Lindau (Bodensee), Landkreis;243,1;23,7;9,5;76,1;112,7;-36,5;55,5
2012;09777;      Ostallgäu, Landkreis;96,1;38,2;5,6;82,2;101,3;-19,1;53,6
2012;09778;      Unterallgäu, Landkreis;110,9;57,8;5,2;78,2;103,0;-24,9;80,9
2012;09779;      Donau-Ries, Landkreis;101,2;67,5;5,5;82,2;99,5;-17,3;84,1
2012;09780;      Oberallgäu, Landkreis;97,8;51,4;5,8;78,4;95,5;-17,1;64,9
2012;10;  Saarland;387,1;-35,8;7,1;69,1;123,4;-54,3;15,5
2012;10041;      Saarbrücken, Regionalverband;795,5;-11,0;9,8;72,5;123,3;-50,8;34,0
2012;10041100;      Saarbrücken, Landeshauptstadt;1059,3;28,2;12,7;77,0;118,1;-41,1;68,5
2012;10042;      Merzig-Wadern, Landkreis;186,5;-11,5;7,4;67,5;113,5;-46,1;33,7
2012;10043;      Neunkirchen, Landkreis;538,0;-63,8;5,2;65,0;131,6;-66,6;2,2
2012;10044;      Saarlouis, Landkreis;428,3;-42,7;6,8;71,1;122,4;-51,3;6,6
2012;10045;      Saarpfalz-Kreis;344,9;-55,8;5,6;67,7;124,9;-57,2;-0,8
2012;10046;      St. Wendel, Landkreis;187,2;-65,3;2,7;61,8;122,3;-60,5;-6,5
2012;11;  Berlin;3785,2;146,9;12,6;103,5;96,2;7,3;123,3
2012;12;  Brandenburg;83,1;-15,0;2,0;75,4;115,9;-40,5;23,4
2012;12051;      Brandenburg an der Havel, Kreisfreie Stadt;310,9;-32,6;2,1;84,8;126,4;-41,7;3,2
2012;12052;      Cottbus, Kreisfreie Stadt;608,2;-6,1;3,4;80,1;125,5;-45,3;43,3
2012;12053;      Frankfurt (Oder), Kreisfreie Stadt;396,5;-89,5;4,8;73,8;124,3;-50,5;-48,3
2012;12054;      Potsdam, Kreisfreie Stadt;849,7;116,9;4,3;109,8;90,3;19,5;93,9
2012;12060;      Barnim, Landkreis;117,7;35,9;1,9;80,0;112,8;-32,8;66,5
2012;12061;      Dahme-Spreewald, Landkreis;70,9;12,9;2,2;74,8;112,7;-37,9;48,3
2012;12062;      Elbe-Elster, Landkreis;57,0;-132,7;0,9;66,5;133,8;-67,3;-67,0
2012;12063;      Havelland, Landkreis;89,3;24,8;1,7;74,3;106,3;-32,0;55,5
2012;12064;      Märkisch-Oderland, Landkreis;86,9;-8,6;1,4;71,8;106,7;-34,9;24,5
2012;12065;      Oberhavel, Landkreis;112,4;47,7;1,7;76,6;109,1;-32,5;79,6
2012;12066;      Oberspreewald-Lausitz, Landkreis;94,7;-145,3;1,1;70,1;142,9;-72,7;-74,4
2012;12067;      Oder-Spree, Landkreis;78,9;-40,4;1,7;71,4;117,3;-45,9;1,1
2012;12068;      Ostprignitz-Ruppin, Landkreis;39,5;-63,2;1,1;72,5;121,8;-49,3;-15,6
2012;12069;      Potsdam-Mittelmark, Landkreis;79,3;48,9;2,1;71,7;104,4;-32,7;80,3
2012;12070;      Prignitz, Landkreis;37,1;-97,9;1,2;66,2;135,2;-69,1;-30,9
2012;12071;      Spree-Neiße, Landkreis;72,9;-115,2;1,4;62,6;130,9;-68,3;-49,9
2012;12072;      Teltow-Fläming, Landkreis;76,3;11,0;2,0;77,4;109,0;-31,6;41,0
2012;12073;      Uckermark, Landkreis;40,0;-101,3;1,8;64,8;128,9;-64,1;-39,3
2012;13;  Mecklenburg-Vorpommern;69,0;-41,0;1,9;79,3;117,9;-38,6;-3,8
2012;13001;      Kreisfreie Stadt Greifswald, Hansestadt;.;.;.;.;.;.;.
2012;13002;      Kreisfreie Stadt Neubrandenburg, Stadt;.;.;.;.;.;.;.
2012;13003;      Kreisfreie Stadt Rostock, Hansestadt;1119,3;53,1;3,5;96,8;107,1;-10,3;63,6
2012;13004;      Kreisfreie Stadt Schwerin, Landeshauptstadt;699,2;-6,9;3,6;87,1;121,8;-34,7;26,0
2012;13005;      Kreisfreie Stadt Stralsund, Hansestadt;.;.;.;.;.;.;.
2012;13006;      Kreisfreie Stadt Wismar, Hansestadt;.;.;.;.;.;.;.
2012;13051;      Landkreis Bad Doberan;.;.;.;.;.;.;.
2012;13052;      Landkreis Demmin;.;.;.;.;.;.;.
2012;13053;      Landkreis Güstrow;.;.;.;.;.;.;.
2012;13054;      Landkreis Ludwigslust;.;.;.;.;.;.;.
2012;13055;      Landkreis Mecklenburg-Strelitz;.;.;.;.;.;.;.
2012;13056;      Landkreis Müritz;.;.;.;.;.;.;.
2012;13057;      Landkreis Nordvorpommern;.;.;.;.;.;.;.
2012;13058;      Landkreis Nordwestmecklenburg;.;.;.;.;.;.;.
2012;13059;      Landkreis Ostvorpommern;.;.;.;.;.;.;.
2012;13060;      Landkreis Parchim;.;.;.;.;.;.;.
2012;13061;      Landkreis Rügen;.;.;.;.;.;.;.
2012;13062;      Landkreis Uecker-Randow;.;.;.;.;.;.;.
2012;13071;      Landkreis Mecklenburgische Seenplatte;48,3;-87,9;1,2;73,5;120,3;-46,8;-42,8
2012;13072;      Landkreis Rostock;61,6;-53,5;1,2;74,3;115,8;-41,4;-12,5
2012;13073;      Landkreis Vorpommern-Rügen;69,8;-46,1;1,2;74,7;125,5;-50,8;2,9
2012;13074;      Landkreis Nordwestmecklenburg;73,6;-13,0;1,8;78,4;107,7;-29,2;15,1
2012;13075;      Landkreis Vorpommern-Greifswald;60,9;-70,0;2,2;78,8;124,3;-45,5;-26,6
2012;13076;      Landkreis Ludwigslust-Parchim;44,7;-56,5;1,8;77,5;118,1;-40,7;-18,7
2012;14;  Sachsen;219,9;-9,8;2,2;85,6;126,6;-41,0;28,9
2012;141;    Chemnitz, Regierungsbezirk;.;.;.;.;.;.;.
2012;14161;      Chemnitz, Kreisfreie Stadt;.;.;.;.;.;.;.
2012;14166;      Plauen, Kreisfreie Stadt;.;.;.;.;.;.;.
2012;14167;      Zwickau, Kreisfreie Stadt;.;.;.;.;.;.;.
2012;14171;      Annaberg, Landkreis;.;.;.;.;.;.;.
2012;14173;      Chemnitzer Land, Landkreis;.;.;.;.;.;.;.
2012;14177;      Freiberg, Landkreis;.;.;.;.;.;.;.
2012;14178;      Vogtlandkreis;.;.;.;.;.;.;.
2012;14181;      Mittlerer Erzgebirgskreis;.;.;.;.;.;.;.
2012;14182;      Mittweida, Landkreis;.;.;.;.;.;.;.
2012;14188;      Stollberg, Landkreis;.;.;.;.;.;.;.
2012;14191;      Aue-Schwarzenberg, Landkreis;.;.;.;.;.;.;.
2012;14193;      Zwickauer Land, Landkreis;.;.;.;.;.;.;.
2012;142;    Dresden, Regierungsbezirk;.;.;.;.;.;.;.
2012;14262;      Dresden, Kreisfreie Stadt;.;.;.;.;.;.;.
2012;14263;      Görlitz, Kreisfreie Stadt;.;.;.;.;.;.;.
2012;14264;      Hoyerswerda, Kreisfreie Stadt;.;.;.;.;.;.;.
2012;14272;      Bautzen, Landkreis;.;.;.;.;.;.;.
2012;14280;      Meißen, Landkreis;.;.;.;.;.;.;.
2012;14284;      Niederschlesischer Oberlausitzkreis;.;.;.;.;.;.;.
2012;14285;      Riesa-Großenhain, Landkreis;.;.;.;.;.;.;.
2012;14286;      Löbau-Zittau, Landkreis;.;.;.;.;.;.;.
2012;14287;      Sächsische Schweiz, Landkreis;.;.;.;.;.;.;.
2012;14290;      Weißeritzkreis;.;.;.;.;.;.;.
2012;14292;      Kamenz, Landkreis;.;.;.;.;.;.;.
2012;143;    Leipzig, Regierungsbezirk;.;.;.;.;.;.;.
2012;14365;      Leipzig, Kreisfreie Stadt;.;.;.;.;.;.;.
2012;14374;      Delitzsch, Landkreis;.;.;.;.;.;.;.
2012;14375;      Döbeln, Landkreis;.;.;.;.;.;.;.
2012;14379;      Leipziger Land, Landkreis;.;.;.;.;.;.;.
2012;14383;      Muldentalkreis;.;.;.;.;.;.;.
2012;14389;      Torgau-Oschatz, Landkreis;.;.;.;.;.;.;.
2012;145;    Chemnitz, NUTS 2-Region;226,9;-75,6;1,6;76,4;138,7;-62,3;-14,8
2012;14511;      Chemnitz, Stadt;1092,1;27,7;3,4;86,4;132,7;-46,4;72,4
2012;14521;      Erzgebirgskreis;194,3;-107,2;0,9;76,2;135,2;-59,0;-49,7
2012;14522;      Mittelsachsen, Landkreis;150,1;-89,7;1,4;77,9;137,1;-59,2;-32,0
2012;14523;      Vogtlandkreis;167,3;-93,4;1,3;71,2;147,9;-76,6;-18,3
2012;14524;      Zwickau, Landkreis;347,9;-90,3;1,4;71,6;141,8;-70,3;-21,4
2012;146;    Dresden, NUTS 2-Region;200,6;-2,5;2,2;90,5;120,3;-29,8;24,3
2012;14612;      Dresden, Stadt;1599,4;140,8;4,0;115,2;96,7;18,5;116,4
2012;14625;      Bautzen, Landkreis;130,0;-87,1;1,0;80,2;128,3;-48,2;-40,4
2012;14626;      Görlitz, Landkreis;125,7;-118,0;1,9;70,9;147,4;-76,4;-44,3
2012;14627;      Meißen, Landkreis;168,5;-61,9;1,3;79,9;126,0;-46,0;-17,0
2012;14628;      Sächsische Schweiz-Osterzgebirge, Landkreis;148,7;-14,1;1,3;83,0;125,2;-42,2;26,5
2012;147;    Leipzig, NUTS 2-Region;246,8;78,4;3,2;91,6;118,6;-26,9;103,2
2012;14713;      Leipzig, Stadt;1751,4;209,4;4,9;109,2;111,6;-2,4;209,4
2012;14729;      Leipzig, Landkreis;157,4;-66,1;1,0;71,7;126,2;-54,5;-13,2
2012;14730;      Nordsachsen, Landkreis;98,3;-71,9;1,4;72,2;126,7;-54,5;-19,2
2012;15;  Sachsen-Anhalt;110,5;-76,5;2,0;74,5;133,7;-59,2;-18,8
2012;15001;      Dessau-Roßlau, Kreisfreie Stadt;345,7;-103,7;2,5;69,0;142,9;-73,8;-32,6
2012;15002;      Halle (Saale), Kreisfreie Stadt;1714,2;41,0;4,2;91,2;121,8;-30,6;69,8
2012;15003;      Magdeburg, Kreisfreie Stadt;1143,9;44,2;4,0;93,1;115,8;-22,7;64,1
2012;15081;      Altmarkkreis Salzwedel;37,9;-85,5;1,5;71,2;127,2;-56,0;-30,3
2012;15082;      Anhalt-Bitterfeld, Landkreis;115,9;-138,6;1,7;67,3;142,4;-75,1;-65,8
2012;15083;      Börde, Landkreis;73,5;-68,6;1,2;79,2;121,3;-42,1;-27,5
2012;15084;      Burgenlandkreis;131,6;-110,5;1,9;69,8;139,5;-69,7;-42,2
2012;15085;      Harz, Landkreis;106,0;-93,6;1,3;70,8;142,3;-71,5;-23,2
2012;15086;      Jerichower Land, Landkreis;58,6;-94,3;1,2;69,8;131,4;-61,5;-32,0
2012;15087;      Mansfeld-Südharz, Landkreis;99,9;-132,1;1,2;65,7;146,5;-80,9;-51,0
2012;15088;      Saalekreis;132,0;-80,5;1,6;71,4;122,9;-51,5;-30,8
2012;15089;      Salzlandkreis;141,1;-127,2;1,5;67,7;150,9;-83,2;-45,3
2012;15090;      Stendal, Landkreis;48,1;-136,4;1,2;70,1;139,9;-69,7;-70,0
2012;15091;      Wittenberg, Landkreis;67,7;-110,7;1,2;65,7;137,4;-71,7;-39,9
2012;151;    Dessau, Stat. Region;.;.;.;.;.;.;.
2012;15101;      Dessau, Kreisfreie Stadt;.;.;.;.;.;.;.
2012;15151;      Anhalt-Zerbst, Kreis;.;.;.;.;.;.;.
2012;15153;      Bernburg, Kreis;.;.;.;.;.;.;.
2012;15154;      Bitterfeld, Kreis;.;.;.;.;.;.;.
2012;15159;      Köthen, Kreis;.;.;.;.;.;.;.
2012;15171;      Wittenberg, Kreis;.;.;.;.;.;.;.
2012;152;    Halle, Stat. Region;.;.;.;.;.;.;.
2012;15202;      Halle (Saale), Kreisfreie Stadt;.;.;.;.;.;.;.
2012;15256;      Burgenlandkreis;.;.;.;.;.;.;.
2012;15260;      Mansfelder Land, Kreis;.;.;.;.;.;.;.
2012;15261;      Merseburg-Querfurt, Kreis;.;.;.;.;.;.;.
2012;15265;      Saalkreis;.;.;.;.;.;.;.
2012;15266;      Sangerhausen, Kreis;.;.;.;.;.;.;.
2012;15268;      Weißenfels, Kreis;.;.;.;.;.;.;.
2012;153;    Magdeburg, Stat. Region;.;.;.;.;.;.;.
2012;15303;      Magdeburg, Kreisfreie Stadt;.;.;.;.;.;.;.
2012;15352;      Aschersleben-Staßfurt, Kreis;.;.;.;.;.;.;.
2012;15355;      Bördekreis;.;.;.;.;.;.;.
2012;15357;      Halberstadt, Kreis;.;.;.;.;.;.;.
2012;15358;      Jerichower Land, Kreis;.;.;.;.;.;.;.
2012;15362;      Ohrekreis;.;.;.;.;.;.;.
2012;15363;      Stendal, Kreis;.;.;.;.;.;.;.
2012;15364;      Quedlinburg, Kreis;.;.;.;.;.;.;.
2012;15367;      Schönebeck, Kreis;.;.;.;.;.;.;.
2012;15369;      Wernigerode, Kreis;.;.;.;.;.;.;.
2012;15370;      Altmarkkreis Salzwedel, Kreis;.;.;.;.;.;.;.
2012;16;  Thüringen;134,2;-51,2;1,8;79,7;124,7;-45,0;-7,9
2012;16051;      Erfurt, krsfr. Stadt;756,0;75,6;3,5;98,8;108,6;-9,9;82,9
2012;16052;      Gera, krsfr. Stadt;627,9;-37,9;1,7;74,6;149,4;-74,8;35,6
2012;16053;      Jena, krsfr. Stadt;933,9;45,7;4,7;93,7;87,9;5,8;39,4
2012;16054;      Suhl, krsfr. Stadt;350,2;-166,3;1,8;64,2;121,3;-57,1;-113,9
2012;16055;      Weimar, krsfr. Stadt;751,1;55,5;4,6;103,6;103,1;0,5;45,4
2012;16056;      Eisenach, krsfr. Stadt;402,0;8,6;2,8;82,0;139,5;-57,5;64,9
2012;16061;      Eichsfeld, Kreis;107,8;-58,5;1,0;88,4;105,0;-16,6;-42,2
2012;16062;      Nordhausen, Kreis;120,8;-94,2;1,7;73,1;137,0;-63,9;-33,0
2012;16063;      Wartburgkreis;97,5;-68,8;1,1;77,3;128,1;-50,8;-19,7
2012;16064;      Unstrut-Hainich-Kreis;107,6;-69,9;1,0;81,4;127,3;-46,0;-26,3
2012;16065;      Kyffhäuserkreis;75,9;-107,0;0,9;69,1;149,3;-80,2;-30,4
2012;16066;      Schmalkalden-Meiningen, Kreis;104,3;-65,9;1,2;76,2;129,3;-53,1;-12,2
2012;16067;      Gotha, Kreis;144,7;-45,0;1,8;78,9;122,1;-43,1;-2,5
2012;16068;      Sömmerda, Kreis;88,3;-75,6;0,7;75,3;124,4;-49,1;-29,5
2012;16069;      Hildburghausen, Kreis;69,9;-71,0;1,0;85,7;114,8;-29,0;-41,7
2012;16070;      Ilm-Kreis;129,9;-55,0;2,3;75,8;130,9;-55,1;-3,7
2012;16071;      Weimarer Land, Kreis;102,1;-53,7;1,3;86,0;115,5;-29,5;-26,8
2012;16072;      Sonneberg, Kreis;133,3;-114,0;1,0;68,6;134,9;-66,2;-45,2
2012;16073;      Saalfeld-Rudolstadt, Kreis;107,7;-97,5;1,2;70,7;145,3;-74,5;-23,7
2012;16074;      Saale-Holzland-Kreis;103,2;-46,8;1,4;80,7;108,4;-27,7;-19,2
2012;16075;      Saale-Orla-Kreis;73,5;-97,1;1,2;73,5;126,7;-53,2;-45,7
2012;16076;      Greiz, Kreis;122,5;-112,3;0,9;64,1;134,5;-70,4;-43,0
2012;16077;      Altenburger Land, Kreis;166,5;-113,3;1,2;67,2;144,1;-76,9;-38,7